<prezi xsi:schemaLocation="http://prezi.com/schema/prezi/2 http://prezi.com/schema/prezi/2" xmlns:xsi="http://www.w3.org/2001/XMLSchema-instance" version="2" xmlns="http://prezi.com/schema/prezi/2"><xFields><xField name="preziType"><xEnum type="PreziType" value="converted-from-core"/></xField></xFields><documentStyle><documentStyle><fontClasses><array><fontClass><fontFamily><string value="Aleo"/></fontFamily><name><string value="body"/></name></fontClass><fontClass><fontFamily><string value="Antonio"/></fontFamily><name><string value="custom-antonio"/></name></fontClass><fontClass><fontFamily><string value="Aleo"/></fontFamily><fontWeight><fontWeight value="bold"/></fontWeight><name><string value="head"/></name></fontClass><fontClass><fontFamily><string value="Arimo"/></fontFamily><fontStyle><fontStyle value="italic"/></fontStyle><fontWeight><fontWeight value="bold"/></fontWeight><name><string value="strong"/></name></fontClass></array></fontClasses><fontFamilies><array><fontFamily><fontFaces><array><fontFace><fontSrc><string value="Aleo-Regular.keg"/></fontSrc></fontFace><fontFace><fontSrc><string value="Aleo-Bold.keg"/></fontSrc><fontWeight><fontWeight value="bold"/></fontWeight></fontFace><fontFace><fontSrc><string value="Aleo-Italic.keg"/></fontSrc><fontStyle><fontStyle value="italic"/></fontStyle></fontFace><fontFace><fontSrc><string value="Aleo-BoldItalic.keg"/></fontSrc><fontStyle><fontStyle value="italic"/></fontStyle><fontWeight><fontWeight value="bold"/></fontWeight></fontFace></array></fontFaces><name><string value="Aleo"/></name></fontFamily><fontFamily><fontFaces><array><fontFace><fontSrc><string value="Antonio-Regular.keg"/></fontSrc></fontFace><fontFace><fontSrc><string value="Antonio-Bold.keg"/></fontSrc><fontWeight><fontWeight value="bold"/></fontWeight></fontFace></array></fontFaces><name><string value="Antonio"/></name></fontFamily><fontFamily><fontFaces><array><fontFace><fontSrc><string value="Arimo-BoldItalic.keg"/></fontSrc><fontStyle><fontStyle value="italic"/></fontStyle><fontWeight><fontWeight value="bold"/></fontWeight></fontFace><fontFace><fontSrc><string value="Arimo-Regular.keg"/></fontSrc></fontFace><fontFace><fontSrc><string value="Arimo-Bold.keg"/></fontSrc><fontWeight><fontWeight value="bold"/></fontWeight></fontFace><fontFace><fontSrc><string value="Arimo-Italic.keg"/></fontSrc><fontStyle><fontStyle value="italic"/></fontStyle></fontFace></array></fontFaces><name><string value="Arimo"/></name></fontFamily></array></fontFamilies><styleDeclarations><array><styleDeclaration><styleBlock><styleBlock><gradEndAlpha><double value="0.7"/></gradEndAlpha><gradStartAlpha><double value="0.5"/></gradStartAlpha></styleBlock></styleBlock><styleSelector><simpleSelector value="zCircle"/></styleSelector></styleDeclaration><styleDeclaration><styleBlock><styleBlock><color><color value="#01A2A6"/></color><fillType><fillType value="linear"/></fillType><gradEndColor><color value="#01A2A6"/></gradEndColor><gradStartColor><color value="#01A2A6"/></gradStartColor></styleBlock></styleBlock><styleSelector><simpleSelector value="*.line1"/></styleSelector></styleDeclaration><styleDeclaration><styleBlock><styleBlock><color><color value="#29D9C2"/></color><fillType><fillType value="linear"/></fillType><gradEndColor><color value="#29D9C2"/></gradEndColor><gradStartColor><color value="#29D9C2"/></gradStartColor></styleBlock></styleBlock><styleSelector><simpleSelector value="*.line2"/></styleSelector></styleDeclaration><styleDeclaration><styleBlock><styleBlock><color><color value="#F2827F"/></color><fillType><fillType value="linear"/></fillType><gradEndColor><color value="#F2827F"/></gradEndColor><gradStartColor><color value="#F2827F"/></gradStartColor></styleBlock></styleBlock><styleSelector><simpleSelector value="*.line3"/></styleSelector></styleDeclaration><styleDeclaration><styleBlock><styleBlock><color><color value="#3A91FB"/></color><fillType><fillType value="linear"/></fillType><gradEndColor><color value="#3A91FB"/></gradEndColor><gradStartColor><color value="#3A91FB"/></gradStartColor></styleBlock></styleBlock><styleSelector><simpleSelector value="*.line4"/></styleSelector></styleDeclaration><styleDeclaration><styleBlock><styleBlock><color><color value="#3A91FB"/></color><fillType><fillType value="linear"/></fillType><gradEndColor><color value="#3A91FB"/></gradEndColor><gradStartColor><color value="#3A91FB"/></gradStartColor></styleBlock></styleBlock><styleSelector><simpleSelector value="*.line5"/></styleSelector></styleDeclaration><styleDeclaration><styleBlock><styleBlock><borderThickness><double value="0"/></borderThickness><color><color value="#FFFFFF"/></color><fillType><fillType value="linear"/></fillType><gradEndColor><color value="#01A2A6"/></gradEndColor><gradStartColor><color value="#01A2A6"/></gradStartColor></styleBlock></styleBlock><styleSelector><simpleSelector value="*.poly1"/></styleSelector></styleDeclaration><styleDeclaration><styleBlock><styleBlock><borderThickness><double value="0"/></borderThickness><color><color value="#FFFFFF"/></color><fillType><fillType value="linear"/></fillType><gradEndColor><color value="#29D9C2"/></gradEndColor><gradStartColor><color value="#29D9C2"/></gradStartColor></styleBlock></styleBlock><styleSelector><simpleSelector value="*.poly2"/></styleSelector></styleDeclaration><styleDeclaration><styleBlock><styleBlock><borderThickness><double value="0"/></borderThickness><color><color value="#FFFFFF"/></color><fillType><fillType value="linear"/></fillType><gradEndColor><color value="#F2827F"/></gradEndColor><gradStartColor><color value="#F2827F"/></gradStartColor></styleBlock></styleBlock><styleSelector><simpleSelector value="*.poly3"/></styleSelector></styleDeclaration><styleDeclaration><styleBlock><styleBlock><borderThickness><double value="0"/></borderThickness><color><color value="#FFFFFF"/></color><fillType><fillType value="linear"/></fillType><gradEndColor><color value="#3A91FB"/></gradEndColor><gradStartColor><color value="#3A91FB"/></gradStartColor></styleBlock></styleBlock><styleSelector><simpleSelector value="*.poly4"/></styleSelector></styleDeclaration><styleDeclaration><styleBlock><styleBlock><borderThickness><double value="0"/></borderThickness><color><color value="#FFFFFF"/></color><fillType><fillType value="linear"/></fillType><gradEndColor><color value="#8DBCFB"/></gradEndColor><gradStartColor><color value="#8DBCFB"/></gradStartColor></styleBlock></styleBlock><styleSelector><simpleSelector value="*.poly5"/></styleSelector></styleDeclaration><styleDeclaration><styleBlock><styleBlock><fillType><fillType value="linear"/></fillType><gradEndColor><color value="#FFFFFF"/></gradEndColor><gradStartColor><color value="#FFFFFF"/></gradStartColor></styleBlock></styleBlock><styleSelector><simpleSelector value="background"/></styleSelector></styleDeclaration><styleDeclaration><styleBlock><styleBlock><gradEndAlpha><double value="1"/></gradEndAlpha><gradStartAlpha><double value="1"/></gradStartAlpha></styleBlock></styleBlock><styleSelector><simpleSelector value="zArrow"/></styleSelector></styleDeclaration><styleDeclaration><styleBlock><styleBlock><borderAlpha><double value="0"/></borderAlpha><gradEndAlpha><double value="1"/></gradEndAlpha><gradStartAlpha><double value="1"/></gradStartAlpha><radius><double value="0"/></radius><thickness><double value="100"/></thickness></styleBlock></styleBlock><styleSelector><simpleSelector value="zCircle"/></styleSelector></styleDeclaration><styleDeclaration><styleBlock><styleBlock><color><color value="#000000"/></color></styleBlock></styleBlock><styleSelector><simpleSelector value="zPencil"/></styleSelector></styleDeclaration><styleDeclaration><styleBlock><styleBlock><fillType><fillType value="linear"/></fillType><gradEndAlpha><double value="0.8"/></gradEndAlpha><gradEndColor><color value="#000000"/></gradEndColor><gradStartAlpha><double value="0.8"/></gradStartAlpha><gradStartColor><color value="#000000"/></gradStartColor><padding><double value="1.03"/></padding><thickness><double value="5"/></thickness></styleBlock></styleBlock><styleSelector><simpleSelector value="zBracketFrame"/></styleSelector></styleDeclaration><styleDeclaration><styleBlock><styleBlock><fillType><fillType value="linear"/></fillType><gradEndAlpha><double value="0.5"/></gradEndAlpha><gradEndColor><color value="#000000"/></gradEndColor><gradStartAlpha><double value="0.5"/></gradStartAlpha><gradStartColor><color value="#000000"/></gradStartColor><padding><double value="1.03"/></padding><thickness><double value="5"/></thickness></styleBlock></styleBlock><styleSelector><simpleSelector value="zCircleFrame"/></styleSelector></styleDeclaration><styleDeclaration><styleBlock><styleBlock><borderAlpha><double value="0.5"/></borderAlpha><borderColor><color value="#000000"/></borderColor><borderThickness><double value="8"/></borderThickness><fillType><fillType value="linear"/></fillType><gradEndAlpha><double value="0.6"/></gradEndAlpha><gradEndColor><color value="#FFFFFF"/></gradEndColor><gradStartAlpha><double value="0.6"/></gradStartAlpha><gradStartColor><color value="#FFFFFF"/></gradStartColor><padding><double value="1.03"/></padding><radius><double value="0"/></radius></styleBlock></styleBlock><styleSelector><simpleSelector value="zRectangleFrame"/></styleSelector></styleDeclaration><styleDeclaration><styleBlock><styleBlock><padding><double value="1.2"/></padding></styleBlock></styleBlock><styleSelector><simpleSelector value="zText"/></styleSelector></styleDeclaration><styleDeclaration><styleBlock><styleBlock><color><color value="#323232"/></color><fontClass><string value="body"/></fontClass></styleBlock></styleBlock><styleSelector><simpleSelector value="zText.body"/></styleSelector></styleDeclaration><styleDeclaration><styleBlock><styleBlock><backgroundAlpha><double value="0.9"/></backgroundAlpha><backgroundColor><color value="#8DBCFB"/></backgroundColor><backgroundPadding><double value="4"/></backgroundPadding></styleBlock></styleBlock><styleSelector><simpleSelector value="zText.body-background"/></styleSelector></styleDeclaration><styleDeclaration><styleBlock><styleBlock><color><color value="#FF6464"/></color><fontClass><string value="head"/></fontClass></styleBlock></styleBlock><styleSelector><simpleSelector value="zText.title"/></styleSelector></styleDeclaration><styleDeclaration><styleBlock><styleBlock><backgroundAlpha><double value="0.9"/></backgroundAlpha><backgroundColor><color value="#29D9C2"/></backgroundColor><backgroundPadding><double value="4"/></backgroundPadding></styleBlock></styleBlock><styleSelector><simpleSelector value="zText.title-background"/></styleSelector></styleDeclaration><styleDeclaration><styleBlock><styleBlock><color><color value="#4B4B4B"/></color><fontClass><string value="strong"/></fontClass></styleBlock></styleBlock><styleSelector><simpleSelector value="zText.subtitle"/></styleSelector></styleDeclaration><styleDeclaration><styleBlock><styleBlock><backgroundAlpha><double value="0.7"/></backgroundAlpha><backgroundColor><color value="#8DBCFB"/></backgroundColor><backgroundPadding><double value="4"/></backgroundPadding></styleBlock></styleBlock><styleSelector><simpleSelector value="zText.subtitle-background"/></styleSelector></styleDeclaration><styleDeclaration><styleBlock><styleBlock><color><color value="#333333"/></color></styleBlock></styleBlock><styleSelector><simpleSelector value="zLine"/></styleSelector></styleDeclaration><styleDeclaration><styleBlock><styleBlock><alpha><double value="0.6"/></alpha><color><color value="#64F9A1"/></color></styleBlock></styleBlock><styleSelector><simpleSelector value="zMarker"/></styleSelector></styleDeclaration><styleDeclaration><styleBlock><styleBlock><borderAlpha><double value="0"/></borderAlpha><gradEndAlpha><double value="1"/></gradEndAlpha><gradStartAlpha><double value="1"/></gradStartAlpha><radius><double value="0"/></radius><thickness><double value="100"/></thickness></styleBlock></styleBlock><styleSelector><simpleSelector value="zTriangle"/></styleSelector></styleDeclaration><styleDeclaration><styleBlock><styleBlock><borderAlpha><double value="0"/></borderAlpha><gradEndAlpha><double value="1"/></gradEndAlpha><gradStartAlpha><double value="1"/></gradStartAlpha><radius><double value="0"/></radius><thickness><double value="100"/></thickness></styleBlock></styleBlock><styleSelector><simpleSelector value="zSquare"/></styleSelector></styleDeclaration><styleDeclaration><styleBlock><styleBlock><fontClass><string value="custom-antonio"/></fontClass></styleBlock></styleBlock><styleSelector><simpleSelector value="#9_24309637"/></styleSelector></styleDeclaration></array></styleDeclarations></documentStyle></documentStyle><path><array><flyToObject><target><ref value="120_24309637"/></target></flyToObject><flyToObject><target><ref value="16_24309637"/></target></flyToObject><flyToObject><target><ref value="17_24309637"/></target></flyToObject><flyToObject><target><ref value="21_24309637"/></target></flyToObject><flyToObject><target><ref value="18_24309637"/></target></flyToObject><flyToObject><target><ref value="19_24309637"/></target></flyToObject><flyToObject><target><ref value="5_253876456"/></target></flyToObject><flyToObject><target><ref value="20_24309637"/></target></flyToObject><flyToObject><target><ref value="12_253876456"/></target></flyToObject><flyToObject><target><ref value="120_24309637"/></target></flyToObject></array></path><zObjects><array><zRectangleFrame><height><double value="736.4005116310483"/></height><id><string value="18_24309637"/></id><localToWorld><transform2D x="-1885.151226200032" y="-1063.2922652866762" scale="3.0645375653613227" rotation="0"/></localToWorld><styleClasses><array><token value="roundrect"/></array></styleClasses><width><double value="1309.1564651218632"/></width></zRectangleFrame><zText><id><string value="30_24309637"/></id><localToWorld><transform2D x="-1802.9539959519525" y="-1841.520881587547" scale="8.445647544554724" rotation="0"/></localToWorld><styleClasses><array><token value="title"/></array></styleClasses><text><text><width>430.2019402735529</width><p><span><![CDATA[Deliverables]]></span></p></text></text></zText><zSwfGraphics><assetSourceFilename><string value="4.swf"/></assetSourceFilename><height><double value="529"/></height><id><string value="12_24309637"/></id><localToWorld><transform2D x="-649.4932035169772" y="-875.7378572171854" scale="1.692605735114221" rotation="0.19242920654840992"/></localToWorld><onlineAssetId><string value="1087857105"/></onlineAssetId><onlineAssetUrl><string value="http://0103.static.prezi.com.s3.amazonaws.com/media/3/f/f/2d944f55bc75dd7761f99f02dfd965941d6c6.swf"/></onlineAssetUrl><width><double value="442"/></width></zSwfGraphics><zInvisibleFrame><height><double value="664.5844818111298"/></height><id><string value="120_24309637"/></id><localToWorld><transform2D x="6.690992263270467E-13" y="0" scale="21.278198052725006" rotation="0"/></localToWorld><styleClasses><array><token value="invisible"/></array></styleClasses><width><double value="1181.483523219786"/></width></zInvisibleFrame><zRectangleFrame><height><double value="600"/></height><id><string value="16_24309637"/></id><localToWorld><transform2D x="-9683.451403026618" y="4550.0546883961815" scale="2.63384720266566" rotation="0"/></localToWorld><styleClasses><array><token value="roundrect"/></array></styleClasses><width><double value="1060.546875"/></width></zRectangleFrame><zRectangleFrame><height><double value="600"/></height><id><string value="20_24309637"/></id><localToWorld><transform2D x="8304.254266226679" y="3441.756923346472" scale="3.896177482879464" rotation="0"/></localToWorld><styleClasses><array><token value="roundrect"/></array></styleClasses><width><double value="1060.546875"/></width></zRectangleFrame><zRectangleFrame><height><double value="638.2433114276057"/></height><id><string value="19_24309637"/></id><localToWorld><transform2D x="3331.4743872288523" y="-1508.64927343557" scale="3.375217956817498" rotation="0"/></localToWorld><styleClasses><array><token value="roundrect"/></array></styleClasses><width><double value="1134.6547758712995"/></width></zRectangleFrame><zRectangleFrame><height><double value="600"/></height><id><string value="21_24309637"/></id><localToWorld><transform2D x="-4060.057493856077" y="1884.3843742207175" scale="3.5416119618024484" rotation="0.25628072635672916"/></localToWorld><styleClasses><array><token value="roundrect"/></array></styleClasses><width><double value="1060.546875"/></width></zRectangleFrame><zRectangleFrame><height><double value="600"/></height><id><string value="17_24309637"/></id><localToWorld><transform2D x="-6535.914607538466" y="3920.9322853496833" scale="2.983880376383199" rotation="0"/></localToWorld><styleClasses><array><token value="roundrect"/></array></styleClasses><width><double value="1060.546875"/></width></zRectangleFrame><zImage><assetSourceFilename><string value="chasm1.png"/></assetSourceFilename><height><double value="873"/></height><id><string value="32_24309637"/></id><localToWorld><transform2D x="-7326.581589933176" y="4622.5753450499715" scale="4.546095726315971" rotation="0"/></localToWorld><onlineAssetId><string value="1099470965"/></onlineAssetId><onlineAssetUrl><string value="http://0103.static.prezi.com.s3.amazonaws.com/media/5/d/9/f29acaa7159de6d8e22b7e0f47ea3c0e6e9be.png"/></onlineAssetUrl><width><double value="1409"/></width></zImage><zImage><assetSourceFilename><string value="chasm2.png"/></assetSourceFilename><height><double value="1739"/></height><id><string value="38_24309637"/></id><localToWorld><transform2D x="4407.303362622935" y="2685.3085942538955" scale="4.600535150228501" rotation="0"/></localToWorld><onlineAssetId><string value="1099471050"/></onlineAssetId><onlineAssetUrl><string value="http://0103.static.prezi.com.s3.amazonaws.com/media/a/a/4/d0e04b99f43ec6e25840efcbb0b5fd44450ed.png"/></onlineAssetUrl><width><double value="3183"/></width></zImage><zText><id><string value="6_24309637"/></id><localToWorld><transform2D x="-2491.5" y="-1130.6677811590898" scale="4.24776258049235" rotation="0"/></localToWorld><styleClasses><array><token value="body"/></array></styleClasses><text><text><width>507.6090814437785</width><p indent="1" listType="bullet"><span><![CDATA[RESTful webservice for generating medical calendar in JSON format]]></span></p><p indent="1" listType="bullet"><span><![CDATA[Send non-compliance report to the provider]]></span></p><p indent="1" listType="bullet"><span><![CDATA[Trigger a non-adherence survey based on compliance to the medication]]></span></p><p indent="1" listType="bullet"><span><![CDATA[API documentation for web service and post data ]]></span></p></text></text></zText><zText><id><string value="9_24309637"/></id><localToWorld><transform2D x="-29.748816440301425" y="-5205.4427812949" scale="51.42026498355903" rotation="0"/></localToWorld><styleClasses><array><token value="title"/></array></styleClasses><text><text><width>430.2019402735529</width><p><span color="7326720"><![CDATA[GetWell - ]]></span><span color="16744448"><![CDATA[Pharmacy app]]></span></p></text></text></zText><zText><id><string value="0_24309637"/></id><localToWorld><transform2D x="-414.9959173467115" y="-3261.2636468792157" scale="32.865336637201196" rotation="0"/></localToWorld><styleClasses><array><token value="subtitle"/></array></styleClasses><text><text><width>649.6877955108292</width><p><span><![CDATA[ARUN KUMAR RAJENDRA KUMAR &]]></span></p><p><span><![CDATA[SOURABH ACHARYA]]></span></p></text></text></zText><zSwfGraphics><assetSourceFilename><string value="1.swf"/></assetSourceFilename><height><double value="540"/></height><id><string value="8_24309637"/></id><localToWorld><transform2D x="-8741.35" y="4569.8" scale="2.024855813042414" rotation="0"/></localToWorld><onlineAssetId><string value="1087846665"/></onlineAssetId><onlineAssetUrl><string value="http://0103.static.prezi.com.s3.amazonaws.com/media/d/b/5/85c4c2376709d992099839247890b3e46ba12.swf"/></onlineAssetUrl><width><double value="246"/></width></zSwfGraphics><zText><id><string value="22_24309637"/></id><localToWorld><transform2D x="-9666.128245192243" y="3958.426517667648" scale="5.923267874439737" rotation="0"/></localToWorld><styleClasses><array><token value="title"/></array></styleClasses><text><text><width>430.2019402735529</width><p><span><![CDATA[Problem Statement]]></span></p></text></text></zText><zSwfGraphics><assetSourceFilename><string value="2.swf"/></assetSourceFilename><height><double value="316"/></height><id><string value="10_24309637"/></id><localToWorld><transform2D x="-5616.699999999999" y="3545.7" scale="3.151894592251133" rotation="0"/></localToWorld><onlineAssetId><string value="1087853650"/></onlineAssetId><onlineAssetUrl><string value="http://0103.static.prezi.com.s3.amazonaws.com/media/9/1/4/cdb3f3ac7fbb099a4f4ca4b950af32263caec.swf"/></onlineAssetUrl><width><double value="173"/></width></zSwfGraphics><zText><id><string value="24_24309637"/></id><localToWorld><transform2D x="-7059.346119613212" y="3246.3085743868837" scale="6.710458661654307" rotation="0"/></localToWorld><styleClasses><array><token value="title"/></array></styleClasses><text><text><width>270.3167038441491</width><p><span><![CDATA[Motivation]]></span></p></text></text></zText><zText><id><string value="26_24309637"/></id><localToWorld><transform2D x="-4418.514469577873" y="1041.8893282052622" scale="7.964743108804719" rotation="0.2562807263567291"/></localToWorld><styleClasses><array><token value="title"/></array></styleClasses><text><text><width>272.884616149631</width><p><span><![CDATA[Challenges]]></span></p></text></text></zText><zSwfGraphics><assetSourceFilename><string value="5.swf"/></assetSourceFilename><height><double value="191"/></height><id><string value="13_24309637"/></id><localToWorld><transform2D x="3331.5815885296615" y="-1220.1383583893748" scale="6.1853179269008525" rotation="0"/></localToWorld><onlineAssetId><string value="1087866835"/></onlineAssetId><onlineAssetUrl><string value="http://0103.static.prezi.com.s3.amazonaws.com/media/7/3/1/33b4c83c47b5e45bba81eb879cb42641251cf.swf"/></onlineAssetUrl><width><double value="88"/></width></zSwfGraphics><zImage><assetSourceFilename><string value="medication.JPG"/></assetSourceFilename><height><double value="599"/></height><id><string value="2_253876456"/></id><localToWorld><transform2D x="4344.85" y="-1998.45" scale="1.313647788410596" rotation="0"/></localToWorld><onlineAssetId><string value="4762577671"/></onlineAssetId><onlineAssetUrl><string value="http://0103.static.prezi.com.s3.amazonaws.com/media/7/3/5/98727783674fd2e9d3067cf9333b9d56bc773.JPG"/></onlineAssetUrl><width><double value="966"/></width></zImage><zText><id><string value="34_24309637"/></id><localToWorld><transform2D x="3319.7377596764545" y="-2314.8345994087776" scale="8.069809469413215" rotation="0"/></localToWorld><styleClasses><array><token value="title"/></array></styleClasses><text><text><width>425.60194027355294</width><p><span><![CDATA[Few of them....]]></span></p></text></text></zText><zSwfGraphics><assetSourceFilename><string value="6.swf"/></assetSourceFilename><height><double value="148"/></height><id><string value="14_24309637"/></id><localToWorld><transform2D x="7880.95" y="3752.6" scale="6.537378764112008" rotation="0.3382391653872658"/></localToWorld><onlineAssetId><string value="1087876060"/></onlineAssetId><onlineAssetUrl><string value="http://0103.static.prezi.com.s3.amazonaws.com/media/3/7/4/18fc55d729274e45e9a2c3c61ed11f5471519.swf"/></onlineAssetUrl><width><double value="127"/></width></zSwfGraphics><zImage><assetSourceFilename><string value="Screenshot_2017-04-17-21-17-22-615.jpeg"/></assetSourceFilename><height><double value="1920"/></height><id><string value="16_253876456"/></id><localToWorld><transform2D x="7603.5" y="2885.8" scale="0.5729197268284223" rotation="0"/></localToWorld><onlineAssetId><string value="4762609446"/></onlineAssetId><onlineAssetUrl><string value="http://0103.static.prezi.com.s3.amazonaws.com/media/e/6/3/7e45fa7cd6f851e6a6f8dbdb75befc1af09d6.jpeg"/></onlineAssetUrl><width><double value="1080"/></width></zImage><zText><id><string value="36_24309637"/></id><localToWorld><transform2D x="8688.36890498763" y="2593.727874216187" scale="8.762126707311861" rotation="0"/></localToWorld><styleClasses><array><token value="title"/></array></styleClasses><text><text><width>325.9500551507628</width><p align="right"><span><![CDATA[Notifications]]></span></p></text></text></zText><zImage><assetSourceFilename><string value="phonegap-serve.jpg"/></assetSourceFilename><height><double value="692"/></height><id><string value="10_253876456"/></id><localToWorld><transform2D x="9296.25" y="3522.1" scale="6.393393840283077" rotation="0"/></localToWorld><mask><rectangle x="0" y="0" w="320" h="204"/></mask><onlineAssetId><string value="4761041545"/></onlineAssetId><onlineAssetUrl><string value="http://0103.static.prezi.com.s3.amazonaws.com/media/4/a/b/74a71b282845e394a7374446a82a0f74edd13.jpg"/></onlineAssetUrl><width><double value="1230"/></width></zImage><zText><id><string value="1_24309637"/></id><isPlaceholder><bool value="true"/></isPlaceholder><localToWorld><transform2D x="9300.301811048032" y="3086.390764940333" scale="3.8370894050419673" rotation="0"/></localToWorld><styleClasses><array><token value="body"/></array></styleClasses><text><text><width>431.7928398759784</width><p align="right"><span><![CDATA[Click to add text]]></span></p></text></text></zText><zSwfGraphics><assetSourceFilename><string value="3.swf"/></assetSourceFilename><height><double value="975"/></height><id><string value="11_24309637"/></id><localToWorld><transform2D x="-2883.25548827954" y="2231.6523670883553" scale="1.9935607243508375" rotation="0.08586831341043971"/></localToWorld><onlineAssetId><string value="1087856445"/></onlineAssetId><onlineAssetUrl><string value="http://0103.static.prezi.com.s3.amazonaws.com/media/0/3/a/0fe8b41aa8d244564b2d7acdebfb42f703829.swf"/></onlineAssetUrl><width><double value="279"/></width></zSwfGraphics><zText><id><string value="2_24309637"/></id><localToWorld><transform2D x="-6829.049999999999" y="4015.15" scale="3.496033858779174" rotation="0"/></localToWorld><styleClasses><array><token value="body"/></array></styleClasses><text><text><width>648.817678865878</width><p indent="1" listType="bullet"><span><![CDATA[Pharmacies are one of the largest industries in the US and the world.]]></span></p><p indent="1" listType="bullet"><span><![CDATA[There are approximately 67,000 pharmacies in the United States. ]]></span></p><p indent="1" listType="bullet"><span><![CDATA[Almost half (33,000) are located within drug stores, grocery stores, hospitals, department stores, medical clinics, surgery clinics, universities, nursing homes, prisons. [Wikipedia]]]></span></p><p indent="1" listType="bullet"><span><![CDATA[There were 25,549 Subways in the U.S. in 2012. That's 1.8x the number of McDonald's and more than 2x the total number of Starbucks. [Consumerist.com]]]></span></p></text></text></zText><zText><id><string value="4_24309637"/></id><localToWorld><transform2D x="-4861.35" y="1560.2499999999998" scale="4.1390938590536255" rotation="0.25628072635672905"/></localToWorld><styleClasses><array><token value="body"/></array></styleClasses><text><text><width>357.03355919994414</width><p indent="1" listType="bullet"><span><![CDATA[API key can't be used]]></span></p><p indent="1" listType="bullet"><span><![CDATA[API call must be done without a server]]></span></p><p indent="1" listType="bullet"><span><![CDATA[Use a single page architecture]]></span></p><p indent="1" listType="bullet"><span><![CDATA[Didn't use an exclusive server to post and get data]]></span></p></text></text></zText><zText><id><string value="0_253876456"/></id><localToWorld><transform2D x="-10275.320725608177" y="4433.84049141201" scale="2.9656794782937372" rotation="0"/></localToWorld><styleClasses><array><token value="body"/></array></styleClasses><text><text><width>443.7829169893321</width><p indent="1" listType="bullet"><span><![CDATA[Develop an app intended for the management of the intervention regimen of patients. ]]></span></p><p indent="1" listType="bullet"><span><![CDATA[Overall objective of this app is to track the medication use habits of patients.]]></span></p><p indent="1" listType="bullet"><span><![CDATA[Utilize this data to improve healthcare services.]]></span></p></text></text></zText><zImage><assetSourceFilename><string value="homepage.JPG"/></assetSourceFilename><height><double value="662"/></height><id><string value="1_253876456"/></id><localToWorld><transform2D x="2235.7000000000003" y="-1760.55" scale="0.9392922010397008" rotation="0"/></localToWorld><onlineAssetId><string value="4762577431"/></onlineAssetId><onlineAssetUrl><string value="http://0103.static.prezi.com.s3.amazonaws.com/media/b/9/8/aee129ffc7f048f03d99fca909f08a4518139.JPG"/></onlineAssetUrl><width><double value="1351"/></width></zImage><zImage><assetSourceFilename><string value="report.JPG"/></assetSourceFilename><height><double value="248"/></height><id><string value="3_253876456"/></id><localToWorld><transform2D x="4344.85" y="-1061.4999999999998" scale="2.150819938312942" rotation="0"/></localToWorld><onlineAssetId><string value="4762577975"/></onlineAssetId><onlineAssetUrl><string value="http://0103.static.prezi.com.s3.amazonaws.com/media/3/3/c/d8e8f015436805154b9c4efaf90d0c1dc0052.JPG"/></onlineAssetUrl><width><double value="590"/></width></zImage><zImage><assetSourceFilename><string value="survey.JPG"/></assetSourceFilename><height><double value="599"/></height><id><string value="4_253876456"/></id><localToWorld><transform2D x="2308.65" y="-908.75" scale="1.313647894643548" rotation="0"/></localToWorld><onlineAssetId><string value="4762578036"/></onlineAssetId><onlineAssetUrl><string value="http://0103.static.prezi.com.s3.amazonaws.com/media/2/a/3/e0e43d7c4fc0561811ff19c9663f1e7daa670.JPG"/></onlineAssetUrl><width><double value="1106"/></width></zImage><zRectangleFrame><height><double value="583.2701035439968"/></height><id><string value="5_253876456"/></id><localToWorld><transform2D x="5877.4" y="932.65" scale="3.625350847966866" rotation="0"/></localToWorld><styleClasses><array><token value="roundrect"/></array></styleClasses><width><double value="800"/></width></zRectangleFrame><zSwfGraphics><assetSourceFilename><string value="6.swf"/></assetSourceFilename><height><double value="148"/></height><id><string value="6_253876456"/></id><localToWorld><transform2D x="5646.35" y="774.3" scale="5.336599974243632" rotation="0.8307876471784779"/></localToWorld><onlineAssetId><string value="1087876060"/></onlineAssetId><onlineAssetUrl><string value="http://0103.static.prezi.com.s3.amazonaws.com/media/3/7/4/18fc55d729274e45e9a2c3c61ed11f5471519.swf"/></onlineAssetUrl><width><double value="127"/></width></zSwfGraphics><zText><id><string value="7_253876456"/></id><localToWorld><transform2D x="5439.414665038555" y="141.1" scale="7.088097493069897" rotation="0"/></localToWorld><styleClasses><array><token value="title"/></array></styleClasses><text><text><width>234.15194027355292</width><p><span><![CDATA[Methodologies]]></span></p></text></text></zText><zText><id><string value="8_253876456"/></id><localToWorld><transform2D x="5551.95" y="885.1844965251224" scale="3.4885067031334955" rotation="0"/></localToWorld><styleClasses><array><token value="body"/></array></styleClasses><text><text><width>507.6090814437785</width><p indent="1" listType="bullet"><span><![CDATA[A google calendar was used to serve the purpose]]></span></p><p indent="1" listType="bullet"><span><![CDATA[Due to absence of a physical/virtual server, post data and get data was done locally.]]></span></p><p indent="1" listType="bullet"><span><![CDATA[The survey was initiated with regards to non-adherence & the data was posted back to the same page]]></span></p><p indent="1" listType="bullet"><span><![CDATA[An alert message was used in case of report generation]]></span></p><p indent="1" listType="bullet"><span><![CDATA[Phone gap was used for push notifications ]]></span></p></text></text></zText><zImage><assetSourceFilename><string value="Screenshot_2017-04-14-03-01-55-946.jpeg"/></assetSourceFilename><height><double value="1920"/></height><id><string value="11_253876456"/></id><localToWorld><transform2D x="6764" y="2963.1" scale="0.6792980955300766" rotation="0"/></localToWorld><onlineAssetId><string value="4761043949"/></onlineAssetId><onlineAssetUrl><string value="http://0103.static.prezi.com.s3.amazonaws.com/media/7/d/9/ee05c6474753768f51fcc0d4fef11f1d1f47f.jpeg"/></onlineAssetUrl><width><double value="1080"/></width></zImage><zRectangleFrame><height><double value="600"/></height><id><string value="12_253876456"/></id><localToWorld><transform2D x="12179.05" y="4271.6" scale="3.9786887900116445" rotation="0"/></localToWorld><styleClasses><array><token value="roundrect"/></array></styleClasses><width><double value="800"/></width></zRectangleFrame><zText><id><string value="13_253876456"/></id><localToWorld><transform2D x="11044.828150804455" y="3380.899999999997" scale="8.446030149297272" rotation="0"/></localToWorld><styleClasses><array><token value="title"/></array></styleClasses><text><text><width>-72.984</width><p><span><![CDATA[Next??]]></span></p></text></text></zText><zText><id><string value="14_253876456"/></id><localToWorld><transform2D x="12474.820899857676" y="4268.853958385155" scale="6.594824021867164" rotation="0"/></localToWorld><styleClasses><array><token value="body"/></array></styleClasses><text><text><width>507.6090814437785</width><p indent="1" listType="bullet"><span style="italic" weight="bold" color="5974240"><![CDATA[Demo]]></span></p><p indent="1" listType="bullet"><span style="italic" weight="bold" color="5974240"><![CDATA[Q&A session]]></span></p><p/><p/><p/><p/></text></text></zText><zText><id><string value="15_253876456"/></id><localToWorld><transform2D x="13346.25" y="4725.25" scale="7.667302663001878" rotation="0"/></localToWorld><styleClasses><array><token value="subtitle"/></array></styleClasses><text><text><width>649.6877955108292</width><p><span color="9851954"><![CDATA["Thanks for watching, folks!"]]></span></p></text></text></zText></array></zObjects></prezi>